anis,$2y$10$uw/T4Tl2jhqD39RxG5yHOeNmTq.7Kmei2hmV8MeZqKnc/LI5b2yTW
yah,$2y$10$wxTkxtaNRf62n.DDmjxkDef0uGth2qPaGG9FkmmGhOkyvn0QfwcBa
z,$2y$10$rxFrMxnI487PgNOPzmbbK.A/pezkggvcJv6o7gBpzSn5dWkWlhkta
e,e
lkns,$2y$10$buVdDwrkZZlv/EuAKoRWROHefl02ipRjVocHJ5.RSVGJIuKggqE7O
z,$2y$10$YH7nxy6R3qSAS0yBvCyIn..171WVxuhMkWGr5jZb/jHd9OCMWc9Zq
anis,$2y$10$45GTSmIAvXPfwbFACezU..crnpiLFzfE8xM1uPfZ/mrdTPinmFGgm
a,$2y$10$8RzExnfMQJvwLNajSNGmNuBho0HrBiQMg1law6WIckuf080Q5jwRa
www,$2y$10$/TmL7PVU512Kdu7w10x9j.ffRRVNQKtqRdSOrAOjc4/U.Z8.J/IZS
www,
r,
aaa,
p,
d,
r,
